Code Domaine;Domaine;Code zone (FAO);Zone;Code Élément;Élément;Code Produit;Produit;Code année;Année;Unité;Valeur;Symbole;Description du Symbole;Note
FS;Données de la sécurité alimentaire;2;Afghanistan;6128;Valeur;22000;Disponibilité alimentaire par habitant utilisée dans l'estimation de la prévalence de la sous-alimentation (kcal/personne/jour) (moyenne sur 3 ans);20162018;2016-2018;Kcal/personne/jour;2041;F;Estimation FAO;
FS;Données de la sécurité alimentaire;202;Afrique du Sud;6128;Valeur;22000;Disponibilité alimentaire par habitant utilisée dans l'estimation de la prévalence de la sous-alimentation (kcal/personne/jour) (moyenne sur 3 ans);20162018;2016-2018;Kcal/personne/jour;2907;F;Estimation FAO;
FS;Données de la sécurité alimentaire;3;Albanie;6128;Valeur;22000;Disponibilité alimentaire par habitant utilisée dans l'estimation de la prévalence de la sous-alimentation (kcal/personne/jour) (moyenne sur 3 ans);20162018;2016-2018;Kcal/personne/jour;3400;F;Estimation FAO;
FS;Données de la sécurité alimentaire;4;Algérie;6128;Valeur;22000;Disponibilité alimentaire par habitant utilisée dans l'estimation de la prévalence de la sous-alimentation (kcal/personne/jour) (moyenne sur 3 ans);20162018;2016-2018;Kcal/personne/jour;3337;F;Estimation FAO;
FS;Données de la sécurité alimentaire;79;Allemagne;6128;Valeur;22000;Disponibilité alimentaire par habitant utilisée dans l'estimation de la prévalence de la sous-alimentation (kcal/personne/jour) (moyenne sur 3 ans);20162018;2016-2018;Kcal/personne/jour;3551;F;Estimation FAO;
FS;Données de la sécurité alimentaire;7;Angola;6128;Valeur;22000;Disponibilité alimentaire par habitant utilisée dans l'estimation de la prévalence de la sous-alimentation (kcal/personne/jour) (moyenne sur 3 ans);20162018;2016-2018;Kcal/personne/jour;2329;F;Estimation FAO;
FS;Données de la sécurité alimentaire;8;Antigua-et-Barbuda;6128;Valeur;22000;Disponibilité alimentaire par habitant utilisée dans l'estimation de la prévalence de la sous-alimentation (kcal/personne/jour) (moyenne sur 3 ans);20162018;2016-2018;Kcal/personne/jour;2413;F;Estimation FAO;
FS;Données de la sécurité alimentaire;194;Arabie saoudite;6128;Valeur;22000;Disponibilité alimentaire par habitant utilisée dans l'estimation de la prévalence de la sous-alimentation (kcal/personne/jour) (moyenne sur 3 ans);20162018;2016-2018;Kcal/personne/jour;3207;F;Estimation FAO;
FS;Données de la sécurité alimentaire;9;Argentine;6128;Valeur;22000;Disponibilité alimentaire par habitant utilisée dans l'estimation de la prévalence de la sous-alimentation (kcal/personne/jour) (moyenne sur 3 ans);20162018;2016-2018;Kcal/personne/jour;3232;F;Estimation FAO;
FS;Données de la sécurité alimentaire;1;Arménie;6128;Valeur;22000;Disponibilité alimentaire par habitant utilisée dans l'estimation de la prévalence de la sous-alimentation (kcal/personne/jour) (moyenne sur 3 ans);20162018;2016-2018;Kcal/personne/jour;3075;F;Estimation FAO;
FS;Données de la sécurité alimentaire;10;Australie;6128;Valeur;22000;Disponibilité alimentaire par habitant utilisée dans l'estimation de la prévalence de la sous-alimentation (kcal/personne/jour) (moyenne sur 3 ans);20162018;2016-2018;Kcal/personne/jour;3319;F;Estimation FAO;
FS;Données de la sécurité alimentaire;11;Autriche;6128;Valeur;22000;Disponibilité alimentaire par habitant utilisée dans l'estimation de la prévalence de la sous-alimentation (kcal/personne/jour) (moyenne sur 3 ans);20162018;2016-2018;Kcal/personne/jour;3687;F;Estimation FAO;
FS;Données de la sécurité alimentaire;52;Azerbaïdjan;6128;Valeur;22000;Disponibilité alimentaire par habitant utilisée dans l'estimation de la prévalence de la sous-alimentation (kcal/personne/jour) (moyenne sur 3 ans);20162018;2016-2018;Kcal/personne/jour;3101;F;Estimation FAO;
FS;Données de la sécurité alimentaire;12;Bahamas;6128;Valeur;22000;Disponibilité alimentaire par habitant utilisée dans l'estimation de la prévalence de la sous-alimentation (kcal/personne/jour) (moyenne sur 3 ans);20162018;2016-2018;Kcal/personne/jour;2055;F;Estimation FAO;
FS;Données de la sécurité alimentaire;16;Bangladesh;6128;Valeur;22000;Disponibilité alimentaire par habitant utilisée dans l'estimation de la prévalence de la sous-alimentation (kcal/personne/jour) (moyenne sur 3 ans);20162018;2016-2018;Kcal/personne/jour;2504;F;Estimation FAO;
FS;Données de la sécurité alimentaire;14;Barbade;6128;Valeur;22000;Disponibilité alimentaire par habitant utilisée dans l'estimation de la prévalence de la sous-alimentation (kcal/personne/jour) (moyenne sur 3 ans);20162018;2016-2018;Kcal/personne/jour;2926;F;Estimation FAO;
FS;Données de la sécurité alimentaire;57;Bélarus;6128;Valeur;22000;Disponibilité alimentaire par habitant utilisée dans l'estimation de la prévalence de la sous-alimentation (kcal/personne/jour) (moyenne sur 3 ans);20162018;2016-2018;Kcal/personne/jour;3306;F;Estimation FAO;
FS;Données de la sécurité alimentaire;255;Belgique;6128;Valeur;22000;Disponibilité alimentaire par habitant utilisée dans l'estimation de la prévalence de la sous-alimentation (kcal/personne/jour) (moyenne sur 3 ans);20162018;2016-2018;Kcal/personne/jour;3769;F;Estimation FAO;
FS;Données de la sécurité alimentaire;23;Belize;6128;Valeur;22000;Disponibilité alimentaire par habitant utilisée dans l'estimation de la prévalence de la sous-alimentation (kcal/personne/jour) (moyenne sur 3 ans);20162018;2016-2018;Kcal/personne/jour;2686;F;Estimation FAO;
FS;Données de la sécurité alimentaire;53;Bénin;6128;Valeur;22000;Disponibilité alimentaire par habitant utilisée dans l'estimation de la prévalence de la sous-alimentation (kcal/personne/jour) (moyenne sur 3 ans);20162018;2016-2018;Kcal/personne/jour;2746;F;Estimation FAO;
FS;Données de la sécurité alimentaire;17;Bermudes;6128;Valeur;22000;Disponibilité alimentaire par habitant utilisée dans l'estimation de la prévalence de la sous-alimentation (kcal/personne/jour) (moyenne sur 3 ans);20162018;2016-2018;Kcal/personne/jour;2827;F;Estimation FAO;
FS;Données de la sécurité alimentaire;19;Bolivie (État plurinational de);6128;Valeur;22000;Disponibilité alimentaire par habitant utilisée dans l'estimation de la prévalence de la sous-alimentation (kcal/personne/jour) (moyenne sur 3 ans);20162018;2016-2018;Kcal/personne/jour;2392;F;Estimation FAO;
FS;Données de la sécurité alimentaire;80;Bosnie-Herzégovine;6128;Valeur;22000;Disponibilité alimentaire par habitant utilisée dans l'estimation de la prévalence de la sous-alimentation (kcal/personne/jour) (moyenne sur 3 ans);20162018;2016-2018;Kcal/personne/jour;3281;F;Estimation FAO;
FS;Données de la sécurité alimentaire;20;Botswana;6128;Valeur;22000;Disponibilité alimentaire par habitant utilisée dans l'estimation de la prévalence de la sous-alimentation (kcal/personne/jour) (moyenne sur 3 ans);20162018;2016-2018;Kcal/personne/jour;2346;F;Estimation FAO;
FS;Données de la sécurité alimentaire;21;Brésil;6128;Valeur;22000;Disponibilité alimentaire par habitant utilisée dans l'estimation de la prévalence de la sous-alimentation (kcal/personne/jour) (moyenne sur 3 ans);20162018;2016-2018;Kcal/personne/jour;3245;F;Estimation FAO;
FS;Données de la sécurité alimentaire;26;Brunéi Darussalam;6128;Valeur;22000;Disponibilité alimentaire par habitant utilisée dans l'estimation de la prévalence de la sous-alimentation (kcal/personne/jour) (moyenne sur 3 ans);20162018;2016-2018;Kcal/personne/jour;3118;F;Estimation FAO;
FS;Données de la sécurité alimentaire;27;Bulgarie;6128;Valeur;22000;Disponibilité alimentaire par habitant utilisée dans l'estimation de la prévalence de la sous-alimentation (kcal/personne/jour) (moyenne sur 3 ans);20162018;2016-2018;Kcal/personne/jour;2834;F;Estimation FAO;
FS;Données de la sécurité alimentaire;233;Burkina Faso;6128;Valeur;22000;Disponibilité alimentaire par habitant utilisée dans l'estimation de la prévalence de la sous-alimentation (kcal/personne/jour) (moyenne sur 3 ans);20162018;2016-2018;Kcal/personne/jour;2717;F;Estimation FAO;
FS;Données de la sécurité alimentaire;35;Cabo Verde;6128;Valeur;22000;Disponibilité alimentaire par habitant utilisée dans l'estimation de la prévalence de la sous-alimentation (kcal/personne/jour) (moyenne sur 3 ans);20162018;2016-2018;Kcal/personne/jour;2506;F;Estimation FAO;
FS;Données de la sécurité alimentaire;115;Cambodge;6128;Valeur;22000;Disponibilité alimentaire par habitant utilisée dans l'estimation de la prévalence de la sous-alimentation (kcal/personne/jour) (moyenne sur 3 ans);20162018;2016-2018;Kcal/personne/jour;2405;F;Estimation FAO;
FS;Données de la sécurité alimentaire;32;Cameroun;6128;Valeur;22000;Disponibilité alimentaire par habitant utilisée dans l'estimation de la prévalence de la sous-alimentation (kcal/personne/jour) (moyenne sur 3 ans);20162018;2016-2018;Kcal/personne/jour;2694;F;Estimation FAO;
FS;Données de la sécurité alimentaire;33;Canada;6128;Valeur;22000;Disponibilité alimentaire par habitant utilisée dans l'estimation de la prévalence de la sous-alimentation (kcal/personne/jour) (moyenne sur 3 ans);20162018;2016-2018;Kcal/personne/jour;3490;F;Estimation FAO;
FS;Données de la sécurité alimentaire;40;Chili;6128;Valeur;22000;Disponibilité alimentaire par habitant utilisée dans l'estimation de la prévalence de la sous-alimentation (kcal/personne/jour) (moyenne sur 3 ans);20162018;2016-2018;Kcal/personne/jour;2997;F;Estimation FAO;
FS;Données de la sécurité alimentaire;351;Chine;6128;Valeur;22000;Disponibilité alimentaire par habitant utilisée dans l'estimation de la prévalence de la sous-alimentation (kcal/personne/jour) (moyenne sur 3 ans);20162018;2016-2018;Kcal/personne/jour;3113;F;Estimation FAO;
FS;Données de la sécurité alimentaire;96;Chine - RAS de Hong-Kong;6128;Valeur;22000;Disponibilité alimentaire par habitant utilisée dans l'estimation de la prévalence de la sous-alimentation (kcal/personne/jour) (moyenne sur 3 ans);20162018;2016-2018;Kcal/personne/jour;3338;F;Estimation FAO;
FS;Données de la sécurité alimentaire;128;Chine - RAS de Macao;6128;Valeur;22000;Disponibilité alimentaire par habitant utilisée dans l'estimation de la prévalence de la sous-alimentation (kcal/personne/jour) (moyenne sur 3 ans);20162018;2016-2018;Kcal/personne/jour;2996;F;Estimation FAO;
FS;Données de la sécurité alimentaire;41;Chine, continentale;6128;Valeur;22000;Disponibilité alimentaire par habitant utilisée dans l'estimation de la prévalence de la sous-alimentation (kcal/personne/jour) (moyenne sur 3 ans);20162018;2016-2018;Kcal/personne/jour;3114;F;Estimation FAO;
FS;Données de la sécurité alimentaire;214;Chine, Taiwan Province de;6128;Valeur;22000;Disponibilité alimentaire par habitant utilisée dans l'estimation de la prévalence de la sous-alimentation (kcal/personne/jour) (moyenne sur 3 ans);20162018;2016-2018;Kcal/personne/jour;2969;F;Estimation FAO;
FS;Données de la sécurité alimentaire;50;Chypre;6128;Valeur;22000;Disponibilité alimentaire par habitant utilisée dans l'estimation de la prévalence de la sous-alimentation (kcal/personne/jour) (moyenne sur 3 ans);20162018;2016-2018;Kcal/personne/jour;2612;F;Estimation FAO;
FS;Données de la sécurité alimentaire;44;Colombie;6128;Valeur;22000;Disponibilité alimentaire par habitant utilisée dans l'estimation de la prévalence de la sous-alimentation (kcal/personne/jour) (moyenne sur 3 ans);20162018;2016-2018;Kcal/personne/jour;3073;F;Estimation FAO;
FS;Données de la sécurité alimentaire;45;Comores;6128;Valeur;22000;Disponibilité alimentaire par habitant utilisée dans l'estimation de la prévalence de la sous-alimentation (kcal/personne/jour) (moyenne sur 3 ans);20162018;2016-2018;Kcal/personne/jour;2334;F;Estimation FAO;
FS;Données de la sécurité alimentaire;46;Congo;6128;Valeur;22000;Disponibilité alimentaire par habitant utilisée dans l'estimation de la prévalence de la sous-alimentation (kcal/personne/jour) (moyenne sur 3 ans);20162018;2016-2018;Kcal/personne/jour;2200;F;Estimation FAO;
FS;Données de la sécurité alimentaire;48;Costa Rica;6128;Valeur;22000;Disponibilité alimentaire par habitant utilisée dans l'estimation de la prévalence de la sous-alimentation (kcal/personne/jour) (moyenne sur 3 ans);20162018;2016-2018;Kcal/personne/jour;3005;F;Estimation FAO;
FS;Données de la sécurité alimentaire;107;Côte d'Ivoire;6128;Valeur;22000;Disponibilité alimentaire par habitant utilisée dans l'estimation de la prévalence de la sous-alimentation (kcal/personne/jour) (moyenne sur 3 ans);20162018;2016-2018;Kcal/personne/jour;2711;F;Estimation FAO;
FS;Données de la sécurité alimentaire;98;Croatie;6128;Valeur;22000;Disponibilité alimentaire par habitant utilisée dans l'estimation de la prévalence de la sous-alimentation (kcal/personne/jour) (moyenne sur 3 ans);20162018;2016-2018;Kcal/personne/jour;3100;F;Estimation FAO;
FS;Données de la sécurité alimentaire;49;Cuba;6128;Valeur;22000;Disponibilité alimentaire par habitant utilisée dans l'estimation de la prévalence de la sous-alimentation (kcal/personne/jour) (moyenne sur 3 ans);20162018;2016-2018;Kcal/personne/jour;3416;F;Estimation FAO;
FS;Données de la sécurité alimentaire;54;Danemark;6128;Valeur;22000;Disponibilité alimentaire par habitant utilisée dans l'estimation de la prévalence de la sous-alimentation (kcal/personne/jour) (moyenne sur 3 ans);20162018;2016-2018;Kcal/personne/jour;3360;F;Estimation FAO;
FS;Données de la sécurité alimentaire;72;Djibouti;6128;Valeur;22000;Disponibilité alimentaire par habitant utilisée dans l'estimation de la prévalence de la sous-alimentation (kcal/personne/jour) (moyenne sur 3 ans);20162018;2016-2018;Kcal/personne/jour;2689;F;Estimation FAO;
FS;Données de la sécurité alimentaire;55;Dominique;6128;Valeur;22000;Disponibilité alimentaire par habitant utilisée dans l'estimation de la prévalence de la sous-alimentation (kcal/personne/jour) (moyenne sur 3 ans);20162018;2016-2018;Kcal/personne/jour;2951;F;Estimation FAO;
FS;Données de la sécurité alimentaire;59;Égypte;6128;Valeur;22000;Disponibilité alimentaire par habitant utilisée dans l'estimation de la prévalence de la sous-alimentation (kcal/personne/jour) (moyenne sur 3 ans);20162018;2016-2018;Kcal/personne/jour;3334;F;Estimation FAO;
FS;Données de la sécurité alimentaire;60;El Salvador;6128;Valeur;22000;Disponibilité alimentaire par habitant utilisée dans l'estimation de la prévalence de la sous-alimentation (kcal/personne/jour) (moyenne sur 3 ans);20162018;2016-2018;Kcal/personne/jour;2653;F;Estimation FAO;
FS;Données de la sécurité alimentaire;225;Émirats arabes unis;6128;Valeur;22000;Disponibilité alimentaire par habitant utilisée dans l'estimation de la prévalence de la sous-alimentation (kcal/personne/jour) (moyenne sur 3 ans);20162018;2016-2018;Kcal/personne/jour;3360;F;Estimation FAO;
FS;Données de la sécurité alimentaire;58;Équateur;6128;Valeur;22000;Disponibilité alimentaire par habitant utilisée dans l'estimation de la prévalence de la sous-alimentation (kcal/personne/jour) (moyenne sur 3 ans);20162018;2016-2018;Kcal/personne/jour;2600;F;Estimation FAO;
FS;Données de la sécurité alimentaire;203;Espagne;6128;Valeur;22000;Disponibilité alimentaire par habitant utilisée dans l'estimation de la prévalence de la sous-alimentation (kcal/personne/jour) (moyenne sur 3 ans);20162018;2016-2018;Kcal/personne/jour;3278;F;Estimation FAO;
FS;Données de la sécurité alimentaire;63;Estonie;6128;Valeur;22000;Disponibilité alimentaire par habitant utilisée dans l'estimation de la prévalence de la sous-alimentation (kcal/personne/jour) (moyenne sur 3 ans);20162018;2016-2018;Kcal/personne/jour;3239;F;Estimation FAO;
FS;Données de la sécurité alimentaire;209;Eswatini;6128;Valeur;22000;Disponibilité alimentaire par habitant utilisée dans l'estimation de la prévalence de la sous-alimentation (kcal/personne/jour) (moyenne sur 3 ans);20162018;2016-2018;Kcal/personne/jour;2399;F;Estimation FAO;
FS;Données de la sécurité alimentaire;231;États-Unis d'Amérique;6128;Valeur;22000;Disponibilité alimentaire par habitant utilisée dans l'estimation de la prévalence de la sous-alimentation (kcal/personne/jour) (moyenne sur 3 ans);20162018;2016-2018;Kcal/personne/jour;3763;F;Estimation FAO;
FS;Données de la sécurité alimentaire;238;Éthiopie;6128;Valeur;22000;Disponibilité alimentaire par habitant utilisée dans l'estimation de la prévalence de la sous-alimentation (kcal/personne/jour) (moyenne sur 3 ans);20162018;2016-2018;Kcal/personne/jour;2331;F;Estimation FAO;
FS;Données de la sécurité alimentaire;185;Fédération de Russie;6128;Valeur;22000;Disponibilité alimentaire par habitant utilisée dans l'estimation de la prévalence de la sous-alimentation (kcal/personne/jour) (moyenne sur 3 ans);20162018;2016-2018;Kcal/personne/jour;3364;F;Estimation FAO;
FS;Données de la sécurité alimentaire;66;Fidji;6128;Valeur;22000;Disponibilité alimentaire par habitant utilisée dans l'estimation de la prévalence de la sous-alimentation (kcal/personne/jour) (moyenne sur 3 ans);20162018;2016-2018;Kcal/personne/jour;2927;F;Estimation FAO;
FS;Données de la sécurité alimentaire;67;Finlande;6128;Valeur;22000;Disponibilité alimentaire par habitant utilisée dans l'estimation de la prévalence de la sous-alimentation (kcal/personne/jour) (moyenne sur 3 ans);20162018;2016-2018;Kcal/personne/jour;3349;F;Estimation FAO;
FS;Données de la sécurité alimentaire;68;France;6128;Valeur;22000;Disponibilité alimentaire par habitant utilisée dans l'estimation de la prévalence de la sous-alimentation (kcal/personne/jour) (moyenne sur 3 ans);20162018;2016-2018;Kcal/personne/jour;3548;F;Estimation FAO;
FS;Données de la sécurité alimentaire;74;Gabon;6128;Valeur;22000;Disponibilité alimentaire par habitant utilisée dans l'estimation de la prévalence de la sous-alimentation (kcal/personne/jour) (moyenne sur 3 ans);20162018;2016-2018;Kcal/personne/jour;2662;F;Estimation FAO;
FS;Données de la sécurité alimentaire;75;Gambie;6128;Valeur;22000;Disponibilité alimentaire par habitant utilisée dans l'estimation de la prévalence de la sous-alimentation (kcal/personne/jour) (moyenne sur 3 ans);20162018;2016-2018;Kcal/personne/jour;2548;F;Estimation FAO;
FS;Données de la sécurité alimentaire;73;Géorgie;6128;Valeur;22000;Disponibilité alimentaire par habitant utilisée dans l'estimation de la prévalence de la sous-alimentation (kcal/personne/jour) (moyenne sur 3 ans);20162018;2016-2018;Kcal/personne/jour;2864;F;Estimation FAO;
FS;Données de la sécurité alimentaire;81;Ghana;6128;Valeur;22000;Disponibilité alimentaire par habitant utilisée dans l'estimation de la prévalence de la sous-alimentation (kcal/personne/jour) (moyenne sur 3 ans);20162018;2016-2018;Kcal/personne/jour;2998;F;Estimation FAO;
FS;Données de la sécurité alimentaire;84;Grèce;6128;Valeur;22000;Disponibilité alimentaire par habitant utilisée dans l'estimation de la prévalence de la sous-alimentation (kcal/personne/jour) (moyenne sur 3 ans);20162018;2016-2018;Kcal/personne/jour;3346;F;Estimation FAO;
FS;Données de la sécurité alimentaire;86;Grenade;6128;Valeur;22000;Disponibilité alimentaire par habitant utilisée dans l'estimation de la prévalence de la sous-alimentation (kcal/personne/jour) (moyenne sur 3 ans);20162018;2016-2018;Kcal/personne/jour;2396;F;Estimation FAO;
FS;Données de la sécurité alimentaire;89;Guatemala;6128;Valeur;22000;Disponibilité alimentaire par habitant utilisée dans l'estimation de la prévalence de la sous-alimentation (kcal/personne/jour) (moyenne sur 3 ans);20162018;2016-2018;Kcal/personne/jour;2528;F;Estimation FAO;
FS;Données de la sécurité alimentaire;90;Guinée;6128;Valeur;22000;Disponibilité alimentaire par habitant utilisée dans l'estimation de la prévalence de la sous-alimentation (kcal/personne/jour) (moyenne sur 3 ans);20162018;2016-2018;Kcal/personne/jour;2720;F;Estimation FAO;
FS;Données de la sécurité alimentaire;175;Guinée-Bissau;6128;Valeur;22000;Disponibilité alimentaire par habitant utilisée dans l'estimation de la prévalence de la sous-alimentation (kcal/personne/jour) (moyenne sur 3 ans);20162018;2016-2018;Kcal/personne/jour;2197;F;Estimation FAO;
FS;Données de la sécurité alimentaire;91;Guyana;6128;Valeur;22000;Disponibilité alimentaire par habitant utilisée dans l'estimation de la prévalence de la sous-alimentation (kcal/personne/jour) (moyenne sur 3 ans);20162018;2016-2018;Kcal/personne/jour;2864;F;Estimation FAO;
FS;Données de la sécurité alimentaire;93;Haïti;6128;Valeur;22000;Disponibilité alimentaire par habitant utilisée dans l'estimation de la prévalence de la sous-alimentation (kcal/personne/jour) (moyenne sur 3 ans);20162018;2016-2018;Kcal/personne/jour;2125;F;Estimation FAO;
FS;Données de la sécurité alimentaire;95;Honduras;6128;Valeur;22000;Disponibilité alimentaire par habitant utilisée dans l'estimation de la prévalence de la sous-alimentation (kcal/personne/jour) (moyenne sur 3 ans);20162018;2016-2018;Kcal/personne/jour;2656;F;Estimation FAO;
FS;Données de la sécurité alimentaire;97;Hongrie;6128;Valeur;22000;Disponibilité alimentaire par habitant utilisée dans l'estimation de la prévalence de la sous-alimentation (kcal/personne/jour) (moyenne sur 3 ans);20162018;2016-2018;Kcal/personne/jour;3245;F;Estimation FAO;
FS;Données de la sécurité alimentaire;25;Îles Salomon;6128;Valeur;22000;Disponibilité alimentaire par habitant utilisée dans l'estimation de la prévalence de la sous-alimentation (kcal/personne/jour) (moyenne sur 3 ans);20162018;2016-2018;Kcal/personne/jour;2386;F;Estimation FAO;
FS;Données de la sécurité alimentaire;100;Inde;6128;Valeur;22000;Disponibilité alimentaire par habitant utilisée dans l'estimation de la prévalence de la sous-alimentation (kcal/personne/jour) (moyenne sur 3 ans);20162018;2016-2018;Kcal/personne/jour;2508;F;Estimation FAO;
FS;Données de la sécurité alimentaire;101;Indonésie;6128;Valeur;22000;Disponibilité alimentaire par habitant utilisée dans l'estimation de la prévalence de la sous-alimentation (kcal/personne/jour) (moyenne sur 3 ans);20162018;2016-2018;Kcal/personne/jour;2797;F;Estimation FAO;
FS;Données de la sécurité alimentaire;102;Iran (République islamique d');6128;Valeur;22000;Disponibilité alimentaire par habitant utilisée dans l'estimation de la prévalence de la sous-alimentation (kcal/personne/jour) (moyenne sur 3 ans);20162018;2016-2018;Kcal/personne/jour;3070;F;Estimation FAO;
FS;Données de la sécurité alimentaire;103;Iraq;6128;Valeur;22000;Disponibilité alimentaire par habitant utilisée dans l'estimation de la prévalence de la sous-alimentation (kcal/personne/jour) (moyenne sur 3 ans);20162018;2016-2018;Kcal/personne/jour;2566;F;Estimation FAO;
FS;Données de la sécurité alimentaire;104;Irlande;6128;Valeur;22000;Disponibilité alimentaire par habitant utilisée dans l'estimation de la prévalence de la sous-alimentation (kcal/personne/jour) (moyenne sur 3 ans);20162018;2016-2018;Kcal/personne/jour;3732;F;Estimation FAO;
FS;Données de la sécurité alimentaire;99;Islande;6128;Valeur;22000;Disponibilité alimentaire par habitant utilisée dans l'estimation de la prévalence de la sous-alimentation (kcal/personne/jour) (moyenne sur 3 ans);20162018;2016-2018;Kcal/personne/jour;3625;F;Estimation FAO;
FS;Données de la sécurité alimentaire;105;Israël;6128;Valeur;22000;Disponibilité alimentaire par habitant utilisée dans l'estimation de la prévalence de la sous-alimentation (kcal/personne/jour) (moyenne sur 3 ans);20162018;2016-2018;Kcal/personne/jour;3502;F;Estimation FAO;
FS;Données de la sécurité alimentaire;106;Italie;6128;Valeur;22000;Disponibilité alimentaire par habitant utilisée dans l'estimation de la prévalence de la sous-alimentation (kcal/personne/jour) (moyenne sur 3 ans);20162018;2016-2018;Kcal/personne/jour;3518;F;Estimation FAO;
FS;Données de la sécurité alimentaire;109;Jamaïque;6128;Valeur;22000;Disponibilité alimentaire par habitant utilisée dans l'estimation de la prévalence de la sous-alimentation (kcal/personne/jour) (moyenne sur 3 ans);20162018;2016-2018;Kcal/personne/jour;2733;F;Estimation FAO;
FS;Données de la sécurité alimentaire;110;Japon;6128;Valeur;22000;Disponibilité alimentaire par habitant utilisée dans l'estimation de la prévalence de la sous-alimentation (kcal/personne/jour) (moyenne sur 3 ans);20162018;2016-2018;Kcal/personne/jour;2696;F;Estimation FAO;
FS;Données de la sécurité alimentaire;112;Jordanie;6128;Valeur;22000;Disponibilité alimentaire par habitant utilisée dans l'estimation de la prévalence de la sous-alimentation (kcal/personne/jour) (moyenne sur 3 ans);20162018;2016-2018;Kcal/personne/jour;2720;F;Estimation FAO;
FS;Données de la sécurité alimentaire;108;Kazakhstan;6128;Valeur;22000;Disponibilité alimentaire par habitant utilisée dans l'estimation de la prévalence de la sous-alimentation (kcal/personne/jour) (moyenne sur 3 ans);20162018;2016-2018;Kcal/personne/jour;3180;F;Estimation FAO;
FS;Données de la sécurité alimentaire;114;Kenya;6128;Valeur;22000;Disponibilité alimentaire par habitant utilisée dans l'estimation de la prévalence de la sous-alimentation (kcal/personne/jour) (moyenne sur 3 ans);20162018;2016-2018;Kcal/personne/jour;2156;F;Estimation FAO;
FS;Données de la sécurité alimentaire;113;Kirghizistan;6128;Valeur;22000;Disponibilité alimentaire par habitant utilisée dans l'estimation de la prévalence de la sous-alimentation (kcal/personne/jour) (moyenne sur 3 ans);20162018;2016-2018;Kcal/personne/jour;2785;F;Estimation FAO;
FS;Données de la sécurité alimentaire;83;Kiribati;6128;Valeur;22000;Disponibilité alimentaire par habitant utilisée dans l'estimation de la prévalence de la sous-alimentation (kcal/personne/jour) (moyenne sur 3 ans);20162018;2016-2018;Kcal/personne/jour;3053;F;Estimation FAO;
FS;Données de la sécurité alimentaire;118;Koweït;6128;Valeur;22000;Disponibilité alimentaire par habitant utilisée dans l'estimation de la prévalence de la sous-alimentation (kcal/personne/jour) (moyenne sur 3 ans);20162018;2016-2018;Kcal/personne/jour;3466;F;Estimation FAO;
FS;Données de la sécurité alimentaire;122;Lesotho;6128;Valeur;22000;Disponibilité alimentaire par habitant utilisée dans l'estimation de la prévalence de la sous-alimentation (kcal/personne/jour) (moyenne sur 3 ans);20162018;2016-2018;Kcal/personne/jour;2080;F;Estimation FAO;
FS;Données de la sécurité alimentaire;119;Lettonie;6128;Valeur;22000;Disponibilité alimentaire par habitant utilisée dans l'estimation de la prévalence de la sous-alimentation (kcal/personne/jour) (moyenne sur 3 ans);20162018;2016-2018;Kcal/personne/jour;3140;F;Estimation FAO;
FS;Données de la sécurité alimentaire;121;Liban;6128;Valeur;22000;Disponibilité alimentaire par habitant utilisée dans l'estimation de la prévalence de la sous-alimentation (kcal/personne/jour) (moyenne sur 3 ans);20162018;2016-2018;Kcal/personne/jour;2922;F;Estimation FAO;
FS;Données de la sécurité alimentaire;123;Libéria;6128;Valeur;22000;Disponibilité alimentaire par habitant utilisée dans l'estimation de la prévalence de la sous-alimentation (kcal/personne/jour) (moyenne sur 3 ans);20162018;2016-2018;Kcal/personne/jour;2143;F;Estimation FAO;
FS;Données de la sécurité alimentaire;126;Lituanie;6128;Valeur;22000;Disponibilité alimentaire par habitant utilisée dans l'estimation de la prévalence de la sous-alimentation (kcal/personne/jour) (moyenne sur 3 ans);20162018;2016-2018;Kcal/personne/jour;3406;F;Estimation FAO;
FS;Données de la sécurité alimentaire;256;Luxembourg;6128;Valeur;22000;Disponibilité alimentaire par habitant utilisée dans l'estimation de la prévalence de la sous-alimentation (kcal/personne/jour) (moyenne sur 3 ans);20162018;2016-2018;Kcal/personne/jour;3317;F;Estimation FAO;
FS;Données de la sécurité alimentaire;154;Macédoine du Nord;6128;Valeur;22000;Disponibilité alimentaire par habitant utilisée dans l'estimation de la prévalence de la sous-alimentation (kcal/personne/jour) (moyenne sur 3 ans);20162018;2016-2018;Kcal/personne/jour;3009;F;Estimation FAO;
FS;Données de la sécurité alimentaire;129;Madagascar;6128;Valeur;22000;Disponibilité alimentaire par habitant utilisée dans l'estimation de la prévalence de la sous-alimentation (kcal/personne/jour) (moyenne sur 3 ans);20162018;2016-2018;Kcal/personne/jour;1923;F;Estimation FAO;
FS;Données de la sécurité alimentaire;131;Malaisie;6128;Valeur;22000;Disponibilité alimentaire par habitant utilisée dans l'estimation de la prévalence de la sous-alimentation (kcal/personne/jour) (moyenne sur 3 ans);20162018;2016-2018;Kcal/personne/jour;2884;F;Estimation FAO;
FS;Données de la sécurité alimentaire;130;Malawi;6128;Valeur;22000;Disponibilité alimentaire par habitant utilisée dans l'estimation de la prévalence de la sous-alimentation (kcal/personne/jour) (moyenne sur 3 ans);20162018;2016-2018;Kcal/personne/jour;2425;F;Estimation FAO;
FS;Données de la sécurité alimentaire;132;Maldives;6128;Valeur;22000;Disponibilité alimentaire par habitant utilisée dans l'estimation de la prévalence de la sous-alimentation (kcal/personne/jour) (moyenne sur 3 ans);20162018;2016-2018;Kcal/personne/jour;2314;F;Estimation FAO;
FS;Données de la sécurité alimentaire;133;Mali;6128;Valeur;22000;Disponibilité alimentaire par habitant utilisée dans l'estimation de la prévalence de la sous-alimentation (kcal/personne/jour) (moyenne sur 3 ans);20162018;2016-2018;Kcal/personne/jour;2853;F;Estimation FAO;
FS;Données de la sécurité alimentaire;134;Malte;6128;Valeur;22000;Disponibilité alimentaire par habitant utilisée dans l'estimation de la prévalence de la sous-alimentation (kcal/personne/jour) (moyenne sur 3 ans);20162018;2016-2018;Kcal/personne/jour;3434;F;Estimation FAO;
FS;Données de la sécurité alimentaire;143;Maroc;6128;Valeur;22000;Disponibilité alimentaire par habitant utilisée dans l'estimation de la prévalence de la sous-alimentation (kcal/personne/jour) (moyenne sur 3 ans);20162018;2016-2018;Kcal/personne/jour;3390;F;Estimation FAO;
FS;Données de la sécurité alimentaire;137;Maurice;6128;Valeur;22000;Disponibilité alimentaire par habitant utilisée dans l'estimation de la prévalence de la sous-alimentation (kcal/personne/jour) (moyenne sur 3 ans);20162018;2016-2018;Kcal/personne/jour;3060;F;Estimation FAO;
FS;Données de la sécurité alimentaire;136;Mauritanie;6128;Valeur;22000;Disponibilité alimentaire par habitant utilisée dans l'estimation de la prévalence de la sous-alimentation (kcal/personne/jour) (moyenne sur 3 ans);20162018;2016-2018;Kcal/personne/jour;2810;F;Estimation FAO;
FS;Données de la sécurité alimentaire;138;Mexique;6128;Valeur;22000;Disponibilité alimentaire par habitant utilisée dans l'estimation de la prévalence de la sous-alimentation (kcal/personne/jour) (moyenne sur 3 ans);20162018;2016-2018;Kcal/personne/jour;3129;F;Estimation FAO;
FS;Données de la sécurité alimentaire;141;Mongolie;6128;Valeur;22000;Disponibilité alimentaire par habitant utilisée dans l'estimation de la prévalence de la sous-alimentation (kcal/personne/jour) (moyenne sur 3 ans);20162018;2016-2018;Kcal/personne/jour;2436;F;Estimation FAO;
FS;Données de la sécurité alimentaire;273;Monténégro;6128;Valeur;22000;Disponibilité alimentaire par habitant utilisée dans l'estimation de la prévalence de la sous-alimentation (kcal/personne/jour) (moyenne sur 3 ans);20162018;2016-2018;Kcal/personne/jour;3470;F;Estimation FAO;
FS;Données de la sécurité alimentaire;144;Mozambique;6128;Valeur;22000;Disponibilité alimentaire par habitant utilisée dans l'estimation de la prévalence de la sous-alimentation (kcal/personne/jour) (moyenne sur 3 ans);20162018;2016-2018;Kcal/personne/jour;2057;F;Estimation FAO;
FS;Données de la sécurité alimentaire;28;Myanmar;6128;Valeur;22000;Disponibilité alimentaire par habitant utilisée dans l'estimation de la prévalence de la sous-alimentation (kcal/personne/jour) (moyenne sur 3 ans);20162018;2016-2018;Kcal/personne/jour;2593;F;Estimation FAO;
FS;Données de la sécurité alimentaire;147;Namibie;6128;Valeur;22000;Disponibilité alimentaire par habitant utilisée dans l'estimation de la prévalence de la sous-alimentation (kcal/personne/jour) (moyenne sur 3 ans);20162018;2016-2018;Kcal/personne/jour;2435;F;Estimation FAO;
FS;Données de la sécurité alimentaire;149;Népal;6128;Valeur;22000;Disponibilité alimentaire par habitant utilisée dans l'estimation de la prévalence de la sous-alimentation (kcal/personne/jour) (moyenne sur 3 ans);20162018;2016-2018;Kcal/personne/jour;2774;F;Estimation FAO;
FS;Données de la sécurité alimentaire;157;Nicaragua;6128;Valeur;22000;Disponibilité alimentaire par habitant utilisée dans l'estimation de la prévalence de la sous-alimentation (kcal/personne/jour) (moyenne sur 3 ans);20162018;2016-2018;Kcal/personne/jour;2636;F;Estimation FAO;
FS;Données de la sécurité alimentaire;158;Niger;6128;Valeur;22000;Disponibilité alimentaire par habitant utilisée dans l'estimation de la prévalence de la sous-alimentation (kcal/personne/jour) (moyenne sur 3 ans);20162018;2016-2018;Kcal/personne/jour;2590;F;Estimation FAO;
FS;Données de la sécurité alimentaire;159;Nigéria;6128;Valeur;22000;Disponibilité alimentaire par habitant utilisée dans l'estimation de la prévalence de la sous-alimentation (kcal/personne/jour) (moyenne sur 3 ans);20162018;2016-2018;Kcal/personne/jour;2547;F;Estimation FAO;
FS;Données de la sécurité alimentaire;162;Norvège;6128;Valeur;22000;Disponibilité alimentaire par habitant utilisée dans l'estimation de la prévalence de la sous-alimentation (kcal/personne/jour) (moyenne sur 3 ans);20162018;2016-2018;Kcal/personne/jour;3391;F;Estimation FAO;
FS;Données de la sécurité alimentaire;153;Nouvelle-Calédonie;6128;Valeur;22000;Disponibilité alimentaire par habitant utilisée dans l'estimation de la prévalence de la sous-alimentation (kcal/personne/jour) (moyenne sur 3 ans);20162018;2016-2018;Kcal/personne/jour;2764;F;Estimation FAO;
FS;Données de la sécurité alimentaire;156;Nouvelle-Zélande;6128;Valeur;22000;Disponibilité alimentaire par habitant utilisée dans l'estimation de la prévalence de la sous-alimentation (kcal/personne/jour) (moyenne sur 3 ans);20162018;2016-2018;Kcal/personne/jour;3150;F;Estimation FAO;
FS;Données de la sécurité alimentaire;221;Oman;6128;Valeur;22000;Disponibilité alimentaire par habitant utilisée dans l'estimation de la prévalence de la sous-alimentation (kcal/personne/jour) (moyenne sur 3 ans);20162018;2016-2018;Kcal/personne/jour;2936;F;Estimation FAO;
FS;Données de la sécurité alimentaire;226;Ouganda;6128;Valeur;22000;Disponibilité alimentaire par habitant utilisée dans l'estimation de la prévalence de la sous-alimentation (kcal/personne/jour) (moyenne sur 3 ans);20162018;2016-2018;Kcal/personne/jour;1990;F;Estimation FAO;
FS;Données de la sécurité alimentaire;235;Ouzbékistan;6128;Valeur;22000;Disponibilité alimentaire par habitant utilisée dans l'estimation de la prévalence de la sous-alimentation (kcal/personne/jour) (moyenne sur 3 ans);20162018;2016-2018;Kcal/personne/jour;2996;F;Estimation FAO;
FS;Données de la sécurité alimentaire;165;Pakistan;6128;Valeur;22000;Disponibilité alimentaire par habitant utilisée dans l'estimation de la prévalence de la sous-alimentation (kcal/personne/jour) (moyenne sur 3 ans);20162018;2016-2018;Kcal/personne/jour;2478;F;Estimation FAO;
FS;Données de la sécurité alimentaire;299;Palestine;6128;Valeur;22000;Disponibilité alimentaire par habitant utilisée dans l'estimation de la prévalence de la sous-alimentation (kcal/personne/jour) (moyenne sur 3 ans);20162018;2016-2018;Kcal/personne/jour;2064;F;Estimation FAO;
FS;Données de la sécurité alimentaire;166;Panama;6128;Valeur;22000;Disponibilité alimentaire par habitant utilisée dans l'estimation de la prévalence de la sous-alimentation (kcal/personne/jour) (moyenne sur 3 ans);20162018;2016-2018;Kcal/personne/jour;2838;F;Estimation FAO;
FS;Données de la sécurité alimentaire;168;Papouasie-Nouvelle-Guinée;6128;Valeur;22000;Disponibilité alimentaire par habitant utilisée dans l'estimation de la prévalence de la sous-alimentation (kcal/personne/jour) (moyenne sur 3 ans);20162018;2016-2018;Kcal/personne/jour;2226;F;Estimation FAO;
FS;Données de la sécurité alimentaire;169;Paraguay;6128;Valeur;22000;Disponibilité alimentaire par habitant utilisée dans l'estimation de la prévalence de la sous-alimentation (kcal/personne/jour) (moyenne sur 3 ans);20162018;2016-2018;Kcal/personne/jour;2724;F;Estimation FAO;
FS;Données de la sécurité alimentaire;150;Pays-Bas;6128;Valeur;22000;Disponibilité alimentaire par habitant utilisée dans l'estimation de la prévalence de la sous-alimentation (kcal/personne/jour) (moyenne sur 3 ans);20162018;2016-2018;Kcal/personne/jour;3237;F;Estimation FAO;
FS;Données de la sécurité alimentaire;170;Pérou;6128;Valeur;22000;Disponibilité alimentaire par habitant utilisée dans l'estimation de la prévalence de la sous-alimentation (kcal/personne/jour) (moyenne sur 3 ans);20162018;2016-2018;Kcal/personne/jour;2714;F;Estimation FAO;
FS;Données de la sécurité alimentaire;171;Philippines;6128;Valeur;22000;Disponibilité alimentaire par habitant utilisée dans l'estimation de la prévalence de la sous-alimentation (kcal/personne/jour) (moyenne sur 3 ans);20162018;2016-2018;Kcal/personne/jour;2573;F;Estimation FAO;
FS;Données de la sécurité alimentaire;173;Pologne;6128;Valeur;22000;Disponibilité alimentaire par habitant utilisée dans l'estimation de la prévalence de la sous-alimentation (kcal/personne/jour) (moyenne sur 3 ans);20162018;2016-2018;Kcal/personne/jour;3507;F;Estimation FAO;
FS;Données de la sécurité alimentaire;70;Polynésie française;6128;Valeur;22000;Disponibilité alimentaire par habitant utilisée dans l'estimation de la prévalence de la sous-alimentation (kcal/personne/jour) (moyenne sur 3 ans);20162018;2016-2018;Kcal/personne/jour;2942;F;Estimation FAO;
FS;Données de la sécurité alimentaire;174;Portugal;6128;Valeur;22000;Disponibilité alimentaire par habitant utilisée dans l'estimation de la prévalence de la sous-alimentation (kcal/personne/jour) (moyenne sur 3 ans);20162018;2016-2018;Kcal/personne/jour;3464;F;Estimation FAO;
FS;Données de la sécurité alimentaire;212;République arabe syrienne;6128;Valeur;22000;Disponibilité alimentaire par habitant utilisée dans l'estimation de la prévalence de la sous-alimentation (kcal/personne/jour) (moyenne sur 3 ans);20162018;2016-2018;Kcal/personne/jour;2794;F;Estimation FAO;
FS;Données de la sécurité alimentaire;37;République centrafricaine;6128;Valeur;22000;Disponibilité alimentaire par habitant utilisée dans l'estimation de la prévalence de la sous-alimentation (kcal/personne/jour) (moyenne sur 3 ans);20162018;2016-2018;Kcal/personne/jour;1739;F;Estimation FAO;
FS;Données de la sécurité alimentaire;117;République de Corée;6128;Valeur;22000;Disponibilité alimentaire par habitant utilisée dans l'estimation de la prévalence de la sous-alimentation (kcal/personne/jour) (moyenne sur 3 ans);20162018;2016-2018;Kcal/personne/jour;3383;F;Estimation FAO;
FS;Données de la sécurité alimentaire;146;République de Moldova;6128;Valeur;22000;Disponibilité alimentaire par habitant utilisée dans l'estimation de la prévalence de la sous-alimentation (kcal/personne/jour) (moyenne sur 3 ans);20162018;2016-2018;Kcal/personne/jour;2386;F;Estimation FAO;
FS;Données de la sécurité alimentaire;120;République démocratique populaire lao;6128;Valeur;22000;Disponibilité alimentaire par habitant utilisée dans l'estimation de la prévalence de la sous-alimentation (kcal/personne/jour) (moyenne sur 3 ans);20162018;2016-2018;Kcal/personne/jour;2699;F;Estimation FAO;
FS;Données de la sécurité alimentaire;56;République dominicaine;6128;Valeur;22000;Disponibilité alimentaire par habitant utilisée dans l'estimation de la prévalence de la sous-alimentation (kcal/personne/jour) (moyenne sur 3 ans);20162018;2016-2018;Kcal/personne/jour;2865;F;Estimation FAO;
FS;Données de la sécurité alimentaire;116;République populaire démocratique de Corée;6128;Valeur;22000;Disponibilité alimentaire par habitant utilisée dans l'estimation de la prévalence de la sous-alimentation (kcal/personne/jour) (moyenne sur 3 ans);20162018;2016-2018;Kcal/personne/jour;2016;F;Estimation FAO;
FS;Données de la sécurité alimentaire;215;République-Unie de Tanzanie;6128;Valeur;22000;Disponibilité alimentaire par habitant utilisée dans l'estimation de la prévalence de la sous-alimentation (kcal/personne/jour) (moyenne sur 3 ans);20162018;2016-2018;Kcal/personne/jour;2362;F;Estimation FAO;
FS;Données de la sécurité alimentaire;183;Roumanie;6128;Valeur;22000;Disponibilité alimentaire par habitant utilisée dans l'estimation de la prévalence de la sous-alimentation (kcal/personne/jour) (moyenne sur 3 ans);20162018;2016-2018;Kcal/personne/jour;3503;F;Estimation FAO;
FS;Données de la sécurité alimentaire;229;Royaume-Uni de Grande-Bretagne et d'Irlande du Nord;6128;Valeur;22000;Disponibilité alimentaire par habitant utilisée dans l'estimation de la prévalence de la sous-alimentation (kcal/personne/jour) (moyenne sur 3 ans);20162018;2016-2018;Kcal/personne/jour;3416;F;Estimation FAO;
FS;Données de la sécurité alimentaire;184;Rwanda;6128;Valeur;22000;Disponibilité alimentaire par habitant utilisée dans l'estimation de la prévalence de la sous-alimentation (kcal/personne/jour) (moyenne sur 3 ans);20162018;2016-2018;Kcal/personne/jour;2179;F;Estimation FAO;
FS;Données de la sécurité alimentaire;189;Sainte-Lucie;6128;Valeur;22000;Disponibilité alimentaire par habitant utilisée dans l'estimation de la prévalence de la sous-alimentation (kcal/personne/jour) (moyenne sur 3 ans);20162018;2016-2018;Kcal/personne/jour;2639;F;Estimation FAO;
FS;Données de la sécurité alimentaire;188;Saint-Kitts-et-Nevis;6128;Valeur;22000;Disponibilité alimentaire par habitant utilisée dans l'estimation de la prévalence de la sous-alimentation (kcal/personne/jour) (moyenne sur 3 ans);20162018;2016-2018;Kcal/personne/jour;2493;F;Estimation FAO;
FS;Données de la sécurité alimentaire;191;Saint-Vincent-et-les Grenadines;6128;Valeur;22000;Disponibilité alimentaire par habitant utilisée dans l'estimation de la prévalence de la sous-alimentation (kcal/personne/jour) (moyenne sur 3 ans);20162018;2016-2018;Kcal/personne/jour;2944;F;Estimation FAO;
FS;Données de la sécurité alimentaire;244;Samoa;6128;Valeur;22000;Disponibilité alimentaire par habitant utilisée dans l'estimation de la prévalence de la sous-alimentation (kcal/personne/jour) (moyenne sur 3 ans);20162018;2016-2018;Kcal/personne/jour;2973;F;Estimation FAO;
FS;Données de la sécurité alimentaire;193;Sao Tomé-et-Principe;6128;Valeur;22000;Disponibilité alimentaire par habitant utilisée dans l'estimation de la prévalence de la sous-alimentation (kcal/personne/jour) (moyenne sur 3 ans);20162018;2016-2018;Kcal/personne/jour;2420;F;Estimation FAO;
FS;Données de la sécurité alimentaire;195;Sénégal;6128;Valeur;22000;Disponibilité alimentaire par habitant utilisée dans l'estimation de la prévalence de la sous-alimentation (kcal/personne/jour) (moyenne sur 3 ans);20162018;2016-2018;Kcal/personne/jour;2515;F;Estimation FAO;
FS;Données de la sécurité alimentaire;272;Serbie;6128;Valeur;22000;Disponibilité alimentaire par habitant utilisée dans l'estimation de la prévalence de la sous-alimentation (kcal/personne/jour) (moyenne sur 3 ans);20162018;2016-2018;Kcal/personne/jour;2796;F;Estimation FAO;
FS;Données de la sécurité alimentaire;197;Sierra Leone;6128;Valeur;22000;Disponibilité alimentaire par habitant utilisée dans l'estimation de la prévalence de la sous-alimentation (kcal/personne/jour) (moyenne sur 3 ans);20162018;2016-2018;Kcal/personne/jour;2302;F;Estimation FAO;
FS;Données de la sécurité alimentaire;199;Slovaquie;6128;Valeur;22000;Disponibilité alimentaire par habitant utilisée dans l'estimation de la prévalence de la sous-alimentation (kcal/personne/jour) (moyenne sur 3 ans);20162018;2016-2018;Kcal/personne/jour;2788;F;Estimation FAO;
FS;Données de la sécurité alimentaire;198;Slovénie;6128;Valeur;22000;Disponibilité alimentaire par habitant utilisée dans l'estimation de la prévalence de la sous-alimentation (kcal/personne/jour) (moyenne sur 3 ans);20162018;2016-2018;Kcal/personne/jour;3189;F;Estimation FAO;
FS;Données de la sécurité alimentaire;201;Somalie;6128;Valeur;22000;Disponibilité alimentaire par habitant utilisée dans l'estimation de la prévalence de la sous-alimentation (kcal/personne/jour) (moyenne sur 3 ans);20162018;2016-2018;Kcal/personne/jour;1654;F;Estimation FAO;
FS;Données de la sécurité alimentaire;276;Soudan;6128;Valeur;22000;Disponibilité alimentaire par habitant utilisée dans l'estimation de la prévalence de la sous-alimentation (kcal/personne/jour) (moyenne sur 3 ans);20162018;2016-2018;Kcal/personne/jour;2567;F;Estimation FAO;
FS;Données de la sécurité alimentaire;38;Sri Lanka;6128;Valeur;22000;Disponibilité alimentaire par habitant utilisée dans l'estimation de la prévalence de la sous-alimentation (kcal/personne/jour) (moyenne sur 3 ans);20162018;2016-2018;Kcal/personne/jour;2643;F;Estimation FAO;
FS;Données de la sécurité alimentaire;210;Suède;6128;Valeur;22000;Disponibilité alimentaire par habitant utilisée dans l'estimation de la prévalence de la sous-alimentation (kcal/personne/jour) (moyenne sur 3 ans);20162018;2016-2018;Kcal/personne/jour;3201;F;Estimation FAO;
FS;Données de la sécurité alimentaire;211;Suisse;6128;Valeur;22000;Disponibilité alimentaire par habitant utilisée dans l'estimation de la prévalence de la sous-alimentation (kcal/personne/jour) (moyenne sur 3 ans);20162018;2016-2018;Kcal/personne/jour;3394;F;Estimation FAO;
FS;Données de la sécurité alimentaire;207;Suriname;6128;Valeur;22000;Disponibilité alimentaire par habitant utilisée dans l'estimation de la prévalence de la sous-alimentation (kcal/personne/jour) (moyenne sur 3 ans);20162018;2016-2018;Kcal/personne/jour;2710;F;Estimation FAO;
FS;Données de la sécurité alimentaire;208;Tadjikistan;6128;Valeur;22000;Disponibilité alimentaire par habitant utilisée dans l'estimation de la prévalence de la sous-alimentation (kcal/personne/jour) (moyenne sur 3 ans);20162018;2016-2018;Kcal/personne/jour;2105;F;Estimation FAO;
FS;Données de la sécurité alimentaire;39;Tchad;6128;Valeur;22000;Disponibilité alimentaire par habitant utilisée dans l'estimation de la prévalence de la sous-alimentation (kcal/personne/jour) (moyenne sur 3 ans);20162018;2016-2018;Kcal/personne/jour;2111;F;Estimation FAO;
FS;Données de la sécurité alimentaire;167;Tchéquie;6128;Valeur;22000;Disponibilité alimentaire par habitant utilisée dans l'estimation de la prévalence de la sous-alimentation (kcal/personne/jour) (moyenne sur 3 ans);20162018;2016-2018;Kcal/personne/jour;3252;F;Estimation FAO;
FS;Données de la sécurité alimentaire;216;Thaïlande;6128;Valeur;22000;Disponibilité alimentaire par habitant utilisée dans l'estimation de la prévalence de la sous-alimentation (kcal/personne/jour) (moyenne sur 3 ans);20162018;2016-2018;Kcal/personne/jour;2744;F;Estimation FAO;
FS;Données de la sécurité alimentaire;176;Timor-Leste;6128;Valeur;22000;Disponibilité alimentaire par habitant utilisée dans l'estimation de la prévalence de la sous-alimentation (kcal/personne/jour) (moyenne sur 3 ans);20162018;2016-2018;Kcal/personne/jour;2144;F;Estimation FAO;
FS;Données de la sécurité alimentaire;217;Togo;6128;Valeur;22000;Disponibilité alimentaire par habitant utilisée dans l'estimation de la prévalence de la sous-alimentation (kcal/personne/jour) (moyenne sur 3 ans);20162018;2016-2018;Kcal/personne/jour;2412;F;Estimation FAO;
FS;Données de la sécurité alimentaire;220;Trinité-et-Tobago;6128;Valeur;22000;Disponibilité alimentaire par habitant utilisée dans l'estimation de la prévalence de la sous-alimentation (kcal/personne/jour) (moyenne sur 3 ans);20162018;2016-2018;Kcal/personne/jour;3052;F;Estimation FAO;
FS;Données de la sécurité alimentaire;222;Tunisie;6128;Valeur;22000;Disponibilité alimentaire par habitant utilisée dans l'estimation de la prévalence de la sous-alimentation (kcal/personne/jour) (moyenne sur 3 ans);20162018;2016-2018;Kcal/personne/jour;3494;F;Estimation FAO;
FS;Données de la sécurité alimentaire;213;Turkménistan;6128;Valeur;22000;Disponibilité alimentaire par habitant utilisée dans l'estimation de la prévalence de la sous-alimentation (kcal/personne/jour) (moyenne sur 3 ans);20162018;2016-2018;Kcal/personne/jour;2860;F;Estimation FAO;
FS;Données de la sécurité alimentaire;223;Turquie;6128;Valeur;22000;Disponibilité alimentaire par habitant utilisée dans l'estimation de la prévalence de la sous-alimentation (kcal/personne/jour) (moyenne sur 3 ans);20162018;2016-2018;Kcal/personne/jour;3543;F;Estimation FAO;
FS;Données de la sécurité alimentaire;230;Ukraine;6128;Valeur;22000;Disponibilité alimentaire par habitant utilisée dans l'estimation de la prévalence de la sous-alimentation (kcal/personne/jour) (moyenne sur 3 ans);20162018;2016-2018;Kcal/personne/jour;2956;F;Estimation FAO;
FS;Données de la sécurité alimentaire;234;Uruguay;6128;Valeur;22000;Disponibilité alimentaire par habitant utilisée dans l'estimation de la prévalence de la sous-alimentation (kcal/personne/jour) (moyenne sur 3 ans);20162018;2016-2018;Kcal/personne/jour;3154;F;Estimation FAO;
FS;Données de la sécurité alimentaire;155;Vanuatu;6128;Valeur;22000;Disponibilité alimentaire par habitant utilisée dans l'estimation de la prévalence de la sous-alimentation (kcal/personne/jour) (moyenne sur 3 ans);20162018;2016-2018;Kcal/personne/jour;2617;F;Estimation FAO;
FS;Données de la sécurité alimentaire;236;Venezuela (République bolivarienne du);6128;Valeur;22000;Disponibilité alimentaire par habitant utilisée dans l'estimation de la prévalence de la sous-alimentation (kcal/personne/jour) (moyenne sur 3 ans);20162018;2016-2018;Kcal/personne/jour;2204;F;Estimation FAO;
FS;Données de la sécurité alimentaire;237;Viet Nam;6128;Valeur;22000;Disponibilité alimentaire par habitant utilisée dans l'estimation de la prévalence de la sous-alimentation (kcal/personne/jour) (moyenne sur 3 ans);20162018;2016-2018;Kcal/personne/jour;2919;F;Estimation FAO;
FS;Données de la sécurité alimentaire;249;Yémen;6128;Valeur;22000;Disponibilité alimentaire par habitant utilisée dans l'estimation de la prévalence de la sous-alimentation (kcal/personne/jour) (moyenne sur 3 ans);20162018;2016-2018;Kcal/personne/jour;2073;F;Estimation FAO;
FS;Données de la sécurité alimentaire;251;Zambie;6128;Valeur;22000;Disponibilité alimentaire par habitant utilisée dans l'estimation de la prévalence de la sous-alimentation (kcal/personne/jour) (moyenne sur 3 ans);20162018;2016-2018;Kcal/personne/jour;1970;F;Estimation FAO;
FS;Données de la sécurité alimentaire;181;Zimbabwe;6128;Valeur;22000;Disponibilité alimentaire par habitant utilisée dans l'estimation de la prévalence de la sous-alimentation (kcal/personne/jour) (moyenne sur 3 ans);20162018;2016-2018;Kcal/personne/jour;1888;F;Estimation FAO;
